<?xml version="1.0" encoding="ISO-8859-1"?>
<project name="Maven">
  <bannerLeft>
    <name>Maven</name>
    <src>http://maven.apache.org/images/apache-maven-project.png</src>
    <href>http://maven.apache.org/</href>
  </bannerLeft>
  <bannerRight>
    <src>http://maven.apache.org/images/maven-small.gif</src>
  </bannerRight>
  <body>
    <links>
      <item name="Apache" href="http://www.apache.org/" />
      <item name="Maven 1.0" href="http://maven.apache.org/"/>
      <item name="Maven 2" href="http://maven.apache.org/maven2/"/>
    </links>

    <menu name="Maven 2.0">
      <item name="Format APT" href="format.html"/>
      <item name="FAQ" href="faq.html"/>
      <item name="Exemple Xdoc" href="xdoc.html"/>      
    </menu>
  </body>
</project>
